{
  "themes": [
    { "name": "ambiance", "label": "Ambiance" },
    { "name": "chaos", "label": "Chaos" },
    { "name": "chrome", "label": "Chrome" },
    { "name": "clouds", "label": "Clouds" },
    { "name": "clouds_midnight", "label": "Clouds at Midnight" },
    { "name": "cobalt", "label": "Cobalt" },
    { "name": "crimson_editor", "label": "Crimson" },
    { "name": "dawn", "label": "Dawn" },
    { "name": "dreamweaver", "label": "Dreamweaver" },
    { "name": "eclipse", "label": "Eclipse" },
    { "name": "github", "label": "GitHub" },
    { "name": "idle_fingers", "label": "Idle Fingers" },
    { "name": "iplastic", "label": "iPlastic" },
    { "name": "katzenmilch", "label": "KatzenMilch" },
    { "name": "kuroir", "label": "Kuroir" },
    { "name": "merbivore", "label": "Merbivore" },
    { "name": "merbivore_soft", "label": "Merbivore (soft)" },
    { "name": "mono_industrial", "label": "Mono Industrial" },
    { "name": "monokai", "label": "Monokai" },
    { "name": "pastel_on_dark", "label": "Pastels on Dark" },
    { "name": "solarized_light", "label": "Solarized" },
    { "name": "solarized_dark", "label": "Solarized Dark" },
    { "name": "son_of_obsidian", "label": "Son of Obsidian" },
    { "name": "sqlserver", "label": "SQL Server" },
    { "name": "terminal", "label": "Terminal" },
    { "name": "textmate", "label": "Textmate" },
    { "name": "tomorrow", "label": "Tomorrow" },
    { "name": "tomorrow_night", "label": "Tomorrow Night" },
    { "name": "tomorrow_night_blue", "label": "Tomorrow Night (blue)" },
    { "name": "tomorrow_night_bright", "label": "Tomorrow Night (bright)" },
    { "name": "tomorrow_night_eighties", "label": "Tomorrow Night (80s)" },
    { "name": "twilight", "label": "Twilight" },
    { "name": "vibrant_ink", "label": "Vibrant Ink" },
    { "name": "xcode", "label": "X-Code" }
  ],
  "modes": [
    { "name": "abap", "label": "ABAP", "extensions": ["abap", "sap"] },
    { "name": "abc", "label": "ABC", "extensions": ["abc"] },
    { "name": "actionscript", "label": "AS3", "extensions": ["as", "as3"] },
    { "name": "ada", "label": "Ada", "extensions": ["adb", "ada"] },
    { "name": "apache_conf", "label": "Apache Config", "extensions": ["htaccess", "htgroups", "htpasswd", "conf"] },
    { "name": "asciidoc", "label": "AsciiDoc", "extensions": ["asciidoc", "adoc", "asc"] },
    { "name": "assembly_x86", "label": "X86 Assembly", "extensions": ["asm"] },
    { "name": "autohotkey", "label": "AutoHotkey", "extensions": ["ahk"] },
    { "name": "batchfile", "label": "Batch File", "extensions": ["bat", "cmd"] },
    { "name": "c_cpp", "label": "C/C++", "extensions": ["c", "cpp", "h", "cc", "ino", "cxx", "hh", "hpp"] },
    { "name": "cirru", "label": "Cirru", "extensions": ["cirru", "cr"] },
    { "name": "clojure", "label": "Clojure", "extensions": ["clj", "cljs"] },
    { "name": "cobol", "label": "COBOL", "extensions": ["CBL", "COB"] },
    { "name": "coffee", "label": "CoffeeScript", "extensions": ["coffee", "cf", "cson"] },
    { "name": "coldfusion", "label": "ColdFusion", "extensions": ["cfm", "cfc", "do"] },
    { "name": "csharp", "label": "C#", "extensions": ["cs"] },
    { "name": "css", "label": "CSS", "extensions": ["css"] },
    { "name": "curly", "label": "Curly", "extensions": ["curly"] },
    { "name": "d", "label": "D", "extensions": ["d", "di"] },
    { "name": "dart", "label": "Dart", "extensions": ["dart"] },
    { "name": "diff", "label": "Diff", "extensions": ["diff", "patch"] },
    { "name": "django", "label": "Django", "extensions": [] },
    { "name": "dockerfile", "label": "Docker File", "extensions": ["Dockerfile"] },
    { "name": "dot", "label": "Dot", "extensions": ["dot"] },
    { "name": "eiffel", "label": "Eiffel", "extensions": ["e"] },
    { "name": "ejs", "label": "EJS Templates", "extensions": ["ejs", "micro"] },
    { "name": "elixir", "label": "Elixir", "extensions": ["ex", "exs"] },
    { "name": "elm", "label": "Elm", "extensions": ["elm"] },
    { "name": "erlang", "label": "Erlang", "extensions": ["el", "erl", "hrl"] },
    { "name": "forth", "label": "Forth", "extensions": ["frt", "fs", "ldr", "fth", "4th"] },
    { "name": "ftl", "label": "FreeMarker", "extensions": ["ftl"] },
    { "name": "gcode", "label": "Gcode", "extensions": ["gcode"] },
    { "name": "gherkin", "label": "Gherkin", "extensions": ["feature"] },
    { "name": "gitignore", "label": "Gitignore", "extensions": ["gitignore"] },
    { "name": "glsl", "label": "GL Shader Language", "extensions": ["glsl", "frag", "vert"] },
    { "name": "golang", "label": "Go", "extensions": ["go"] },
    { "name": "groovy", "label": "Groovy", "extensions": ["groovy"] },
    { "name": "haml", "label": "HAML", "extensions": ["haml"] },
    { "name": "handlebars", "label": "Handlebars", "extensions": ["handlebars", "hbs", "tpl", "mustache"] },
    { "name": "haskell", "label": "Haskell", "extensions": ["hs"] },
    { "name": "haxe", "label": "haXe", "extensions": ["haxe", "hx"] },
    { "name": "html", "label": "HTML", "extensions": ["html", "htm", "htmls", "shtml", "ctp", "xhtml"] },
    { "name": "ini", "label": "Windows INI", "extensions": ["ini", "cfg", "prefs"] },
    { "name": "io", "label": "Io", "extensions": ["io"] },
    { "name": "jack", "label": "Jack", "extensions": ["jack"] },
    { "name": "java", "label": "Java", "extensions": ["java", "pde"] },
    { "name": "javascript", "label": "JavaScript", "extensions": ["js", "jsm", "gs", "mjs"] },
    { "name": "json", "label": "JSON", "extensions": ["json", "caret-project"] },
    { "name": "jsp", "label": "JSP", "extensions": ["jsp"] },
    { "name": "jsx", "label": "JSX", "extensions": ["jsx"] },
    { "name": "julia", "label": "Julia", "extensions": ["jl"] },
    { "name": "kotlin", "label": "Kotlin", "extensions": ["kt"] },
    { "name": "latex", "label": "LaTeX", "extensions": ["tex", "latex", "ltx", "bib"] },
    { "name": "lean", "label": "Lean", "extensions": ["lean", "hlean"] },
    { "name": "less", "label": "LESS", "extensions": ["less"] },
    { "name": "liquid", "label": "Liquid", "extensions": ["liquid"] },
    { "name": "lisp", "label": "Lisp", "extensions": ["rkt", "lsp", "lisp"] },
    { "name": "livescript", "label": "LiveScript", "extensions": ["ls"] },
    { "name": "logiql", "label": "LogiQL", "extensions": ["logic", "lql"] },
    { "name": "lsl", "label": "LSL", "extensions": ["lsl"] },
    { "name": "lua", "label": "Lua", "extensions": ["lua", "love"] },
    { "name": "lucene", "label": "Lucene", "extensions": ["lucene"] },
    { "name": "makefile", "label": "Make", "extensions": ["make"] },
    { "name": "markdown", "label": "Markdown", "extensions": ["md", "markdown"] },
    { "name": "mask", "label": "Mask", "extensions": ["mask"] },
    { "name": "matlab", "label": "MATLAB", "extensions": ["m", "mat", "matlab"] },
    { "name": "maze", "label": "Maze", "extensions": ["mz"] },
    { "name": "mel", "label": "MEL", "extensions": ["mel"] },
    { "name": "mushcode", "label": "MUSHCode", "extensions": ["mc", "mush"] },
    { "name": "mysql", "label": "MySQL", "extensions": ["sql", "mysql"] },
    { "name": "nix", "label": "Nix", "extensions": ["nix"] },
    { "name": "objectivec", "label": "Objective-C", "extensions": ["obc", "m", "mm"] },
    { "name": "ocaml", "label": "OCaml", "extensions": ["ml", "mli"] },
    { "name": "pascal", "label": "Pascal", "extensions": ["pas", "p"] },
    { "name": "perl", "label": "Perl", "extensions": ["pl", "cgi", "pm"] },
    { "name": "pgsql", "label": "PostgreSQL", "extensions": ["pgsql"] },
    { "name": "php", "label": "PHP", "extensions": ["php", "phtml", "php3", "php4", "php5", "phps", "phpt", "aw", "ctp"] },
    { "name": "plain_text", "label": "Plain Text", "extensions": ["txt", "csv", "me", "tsv"] },
    { "name": "powershell", "label": "Powershell", "extensions": ["ps", "ps1", "psd1", "psm1", "ps1xml", "clixml", "psc1", "pssc"] },
    { "name": "praat", "label": "Praat", "extensions": ["praat", "praatscript", "psc", "proc"] },
    { "name": "prolog", "label": "Prolog", "extensions": ["plg", "prolog"] },
    { "name": "properties", "label": "Properties", "extensions": ["properties"] },
    { "name": "protobuf", "label": "Protobuf", "extensions": ["proto"] },
    { "name": "jade", "label": "Pug", "extensions": ["jade", "pug"] },
    { "name": "python", "label": "Python", "extensions": ["py"] },
    { "name": "r", "label": "R", "extensions": ["r"] },
    { "name": "rdoc", "label": "RDoc", "extensions": ["rd"] },
    { "name": "rst", "label": "reStructuredText", "extensions": ["rst"] },
    { "name": "ruby", "label": "Ruby", "extensions": ["rb", "erb", "rake", "ru", "gemspec"] },
    { "name": "rust", "label": "Rust", "extensions": ["rs"] },
    { "name": "sass", "label": "Sass", "extensions": ["sass"] },
    { "name": "scad", "label": "SCAD", "extensions": ["scad"] },
    { "name": "scala", "label": "Scala", "extensions": ["scala"] },
    { "name": "scheme", "label": "Scheme", "extensions": ["scm", "rkt"] },
    { "name": "scss", "label": "SCSS", "extensions": ["scss"] },
    { "name": "sh", "label": "Shell", "extensions": ["sh", "ksh", "zsh", "bash"] },
    { "name": "sjs", "label": "SJS", "extensions": ["sjs"] },
    { "name": "smarty", "label": "Smarty", "extensions": ["smarty", "tpl"] },
    { "name": "snippets", "label": "snippets", "extensions": ["snippets"] },
    { "name": "soy_template", "label": "Soy Template", "extensions": ["soy"] },
    { "name": "space", "label": "Space", "extensions": ["space"] },
    { "name": "sql", "label": "SQL", "extensions": ["sql", "pks", "pkb", "pls", "pkg"] },
    { "name": "sqlserver", "label": "SQLServer", "extensions": ["sqlserver"] },
    { "name": "stylus", "label": "Stylus", "extensions": ["styl", "stylus"] },
    { "name": "swift", "label": "Swift", "extensions": ["swift"] },
    { "name": "svg", "label": "SVG", "extensions": ["svg"] },
    { "name": "tcl", "label": "Tcl", "extensions": ["tcl"] },
    { "name": "tex", "label": "TeX", "extensions": ["tex"] },
    { "name": "textile", "label": "Textile", "extensions": ["textile"] },
    { "name": "toml", "label": "Toml", "extensions": ["toml"] },
    { "name": "twig", "label": "Twig", "extensions": ["twig"] },
    { "name": "typescript", "label": "TypeScript", "extensions": ["ts", "typescript", "str"] },
    { "name": "vala", "label": "Vala", "extensions": ["vala"] },
    { "name": "vbscript", "label": "VBScript", "extensions": ["vb", "vba", "vbs"] },
    { "name": "velocity", "label": "Velocity", "extensions": ["vm"] },
    { "name": "verilog", "label": "Verilog", "extensions": ["v", "vh", "sv", "svh"] },
    { "name": "vhdl", "label": "VHDL", "extensions": ["vhd", "vhdl"] },
    { "name": "xml", "label": "XML", "extensions": ["xml", "vcf", "rdf", "rss", "wsdl", "xslt", "atom", "mathml", "mml", "xul", "xbl", "xaml"] },
    { "name": "xquery", "label": "XQuery", "extensions": ["xq"] },
    { "name": "yaml", "label": "YAML", "extensions": ["yaml", "yml"] }
  ]
}
